Organe,Sous-organe,
Pièces moteur,Courroies et Distribution,
Pièces moteur,Refroidissement moteur,
Pièces moteur,Injection carburation,
Pièces moteur,Capteurs et câbles moteur,
Pièces moteur,Turbo,
Pièces moteur,Moteur et Culasse,
Pièces moteur,Bougies et Pièces d'allumage,
Pièces moteur,Pompes,
Pièces moteur,Supports moteur,
Pièces moteur,Lubrification,
Pièces moteur,Bougies et Pièces de préchauffage,
Pièces moteur,Soupapes du moteur,
Pièces moteur,Guides d'entretien auto,
Pièces moteur,Alimentation carburant,
Filtres et huile,Filtres,
Filtres et huile,Huile / Accessoires vidange,
Filtres et huile,Outils Vidange,
Filtres et huile,Autres Pièces de Filtration,
Direction / Suspension / Train,Amortisseurs,
Direction / Suspension / Train,Suspension d’Essieux,
Direction / Suspension / Train,Transmission,
Direction / Suspension / Train,Rotules / Direction,
Direction / Suspension / Train,Moyeux et Roulements,
Direction / Suspension / Train,Rotules / Suspension,
Direction / Suspension / Train,Direction,
Direction / Suspension / Train,Butées,
Direction / Suspension / Train,Ressorts et Soufflets,
Direction / Suspension / Train,Kits de réparation et d'assemblage,
Direction / Suspension / Train,Autres pièces Suspension,
Direction / Suspension / Train,Outils Direction-Suspension-Train,
Direction / Suspension / Train,Autres pièces Transmission,
Direction / Suspension / Train,Roue,
Direction / Suspension / Train,Sphères,
Direction / Suspension / Train,Suspension Pneumatique,
Freinage,Plaquettes de frein,
Freinage,Disques de frein,
Freinage,Hydraulique,
Freinage,Freins à tambours,
Freinage,Capteurs et câbles de freinage,
Freinage,Assistance au freinage,
Freinage,Outils Freinage,
Distribution et Accessoires,Kit et courroie de distribution,
Distribution et Accessoires,Courroie trapézoïdale,
Distribution et Accessoires,Poulies et Galets,
Distribution et Accessoires,Kit et chaîne de distribution,
Distribution et Accessoires,Tendeurs et Guides,
Distribution et Accessoires,Composants divers,
Distribution et Accessoires,Kits de réparation,
Distribution et Accessoires,Maillons et Pignons,
Embrayage et Boîte de vitesse,Embrayage et Volant-moteur,
Embrayage et Boîte de vitesse,Accessoires de boîte de vitesse,
Embrayage et Boîte de vitesse,Autres pièces d'Embrayage,
Démarrage électrique,Batteries,
Démarrage électrique,Démarreurs,
Démarrage électrique,Alternateurs,
Démarrage électrique,Outils Batteries,
Démarrage électrique,Alterno-Démarreurs,
Optiques / Phares / Ampoules,Optiques et Phares,
Optiques / Phares / Ampoules,"Ampoules, Éclairage avant",
Optiques / Phares / Ampoules,"Ampoules, Éclairage arrière",
Optiques / Phares / Ampoules,"Ampoules, Éclairage intérieur et signalisation",
Optiques / Phares / Ampoules,Ampoules LED Rétrofit,
Optiques / Phares / Ampoules,"Coffrets, Ampoules",
Capteurs et Sondes,Capteurs et Sondes Pièces moteur,
Capteurs et Sondes,Capteurs et Sondes Echappement,
Capteurs et Sondes,Capteurs Freinage,
Capteurs et Sondes,Capteurs et Sondes Température,
Capteurs et Sondes,Capteurs Aide à la conduite,
Capteurs et Sondes,Capteurs Pneus et Equipements Roue,
Capteurs et Sondes,Capteurs boîte de vitesse,
Capteurs et Sondes,Capteurs Pièces habitacle,
Capteurs et Sondes,Capteurs Démarrage électrique,
Capteurs et Sondes,Capteurs Direction,
Capteurs et Sondes,Capteurs Filtres et Huile,
Capteurs et Sondes,Capteurs Essuie-glaces et Pièces,
Capteurs et Sondes,Capteurs Optiques / Phares / Ampoules,
Pièces Habitacle,Lève-vitres,
Pièces Habitacle,Serrure / Fermeture,
Pièces Habitacle,Vérins,
Pièces Habitacle,Commandes et Pédalier,
Pièces Habitacle,Electricité,
Pièces Habitacle,Autres pièces d'habitacle,
Pièces Habitacle,Joints d'habitacle,
Pièces Habitacle,"Klaxon, avertisseurs sonores",
Echappement,Capteurs d'échappement,
Echappement,Catalyseurs et Filtres à particules,
Echappement,Silencieux et Tubes,
Echappement,Accessoires de montage,
Echappement,Autres pièces d'échappement,
Echappement,Outils Echappement,
Essuie-glaces et pièces,Essuie-glaces,
Essuie-glaces et pièces,Essuyage des phares,
Carrosserie / Vitres / Peinture,Rétroviseurs,
Carrosserie / Vitres / Peinture,Peinture,
Carrosserie / Vitres / Peinture,Pare-choc,
Carrosserie / Vitres / Peinture,Partie avant,
Carrosserie / Vitres / Peinture,Ailes,
Carrosserie / Vitres / Peinture,Vitres,
Carrosserie / Vitres / Peinture,Réparation carrosserie,
Carrosserie / Vitres / Peinture,Portières,
Carrosserie / Vitres / Peinture,Outils carrosserie,
Carrosserie / Vitres / Peinture,Partie arrière,
Carrosserie / Vitres / Peinture,Capot,
Joints et Étanchéité,Joints et Étanchéité Pièces moteur,
Joints et Étanchéité,Joints et Étanchéité Direction / Suspension / Train,
Joints et Étanchéité,Joints et Étanchéité Embrayage et Boîte de vitesse,
Joints et Étanchéité,Joints et Étanchéité Echappement,
Joints et Étanchéité,Joints et Étanchéité Carrosserie et peinture,
Joints et Étanchéité,Joints et Étanchéité Climatisation,
Joints et Étanchéité,Joints et Étanchéité Pièces Habitacle,
Joints et Étanchéité,Joints et Étanchéité Filtres et Huile,
Joints et Étanchéité,Joints et Étanchéité Freinage,
Joints et Étanchéité,Joints et Étanchéité Entretien et Nettoyage,
Joints et Étanchéité,Joints et Étanchéité Essuie-glace et Pièces,
Joints et Étanchéité,Joints et Étanchéité Optiques / Phares / Ampoules,
Joints et Étanchéité,Joints et Étanchéité Accessoires et équipements,
Chauffage et Climatisation,Climatisation,
Chauffage et Climatisation,Chauffage et Ventilation,
Chauffage et Climatisation,Capteurs et Sondes thermiques,
Accessoires et Equipements,Habillement et Confort Intérieur,
Accessoires et Equipements,Equipement de l'Habitacle,
Accessoires et Equipements,Equipement Extérieur et Protection,
Accessoires et Equipements,"Image, Son et Multimédia",
Accessoires et Equipements,Aide à la conduite et au stationnement,
Accessoires et Equipements,Sécurité et Signalisation,
Accessoires et Equipements,2 roues et loisirs,
Accessoires et Equipements,Bébé et puériculture,
Accessoires et Equipements,Voyager avec son animal,
Accessoires et Equipements,Equipements pour véhicules électriques,
Accessoires et Equipements,Jeux éducatifs,
Accessoires et Equipements,Equipement Hiver,
Outillage,Outils Vidange,
Outillage,Guides d'entretien auto,
Outillage,Quincaillerie,
Outillage,Outils spécifiques moteur et transmission,
Outillage,Outils Direction-Suspension-Train,
Outillage,Outils Freinage,
Outillage,Outils de serrage et pinces,
Outillage,Outils pour la carrosserie et vitrage,
Outillage,Outils Batteries,
Outillage,Outils pneu,
Outillage,Outils de levage,
Outillage,Outils Echappement,
Outillage,Outils de diagnostic,
Outillage,Cliquets et douilles,
Outillage,Outils Bougies,
Outillage,Outils de rangement et équipement d'atelier,
Outillage,Outils généralistes,
Outillage,Outils électroportatifs,
Outillage,Outils de vissage,
Outillage,Outils à frapper,
Outillage,Outils de mesure et contrôle,
Outillage,Coffrets outillage,
Outillage,Equipement individuel,
Outillage,Outils pour la climatisation,
Outillage,Outils électricité et électronique,
Outillage,Outils de coupe,
Pneus et Equipements Roue,Pneumatiques,
Pneus et Equipements Roue,Chaînes-neiges et Equipements Roue,
Pneus et Equipements Roue,Outils pneu,
Entretien et Nettoyage,Additifs et Traitements spécifiques,
Entretien et Nettoyage,Guides d'entretien auto,
Entretien et Nettoyage,Réparation et Maintenance,
Entretien et Nettoyage,Liquides de fonctionnement,
Entretien et Nettoyage,Nettoyage et Protection Extérieure,
Entretien et Nettoyage,Kits d’entretien et nettoyage,
Entretien et Nettoyage,Nettoyage et Protection de l'Habitacle,
Entretien et Nettoyage,Accessoires Nettoyage,
Entretien et Nettoyage,Accessoires Essuyage et Lustrage,
Attelage et Portage,Dispositif d'attelage,
Attelage et Portage,Portage,
Attelage et Portage,Accessoires d’Attelage et Portage,
